{"BasicSettingController":{"Data":{"ProgramToRun":"E:\\istvan\\__oop\\curs\\curs9-10\\PetStoreCosUndoGUI\\x64\\Debug\\PetStoreCosUndoGUI.exe","OptionalWorkingDirectory":"E:\\istvan\\__oop\\curs\\curs9-10\\PetStoreCosUndoGUI","Arguments":"","CompileBeforeRunning":true,"OptimizedBuild":false},"IsSelectedByProjectPath":{"PetStoreCosUndoGUI\\PetStoreCosUndoGUI.vcxproj":true}},"FilterSettingController":{"AdditionalSourcePatterns":[],"AdditionalModulePatterns":[],"ExcludedSourcePatterns":[],"ExcludedModulePatterns":[],"UnifiedDiffs":[]},"ImportExportSettingController":{"Exports":[],"InputCoverages":[],"CoverChildrenProcesses":false,"AggregateByFile":true},"MiscellaneousSettingController":{"OptionalConfigFile":null,"LogTypeValue":2,"ContinueAfterCppExceptions":true}}